codigo_municipio,municipio,año,hectareas_sembradas,hectareas_cosechadas,produccion,rendimiento
76020,Alcalá,2019,1294.0,958.0,1258.0,1.31
76020,Alcalá,2020,1190.0,860.0,1044.0,1.21
76020,Alcalá,2021,1183.7,889.62,907.41,1.02
76020,Alcalá,2022,1189.59,903.23,714.99,0.79
76020,Alcalá,2023,1191.51,837.19,797.25,0.95
76020,Alcalá,2024,1198.14,843.21,935.96,1.11
76020,Alcalá,2025,1171.72,845.25,973.5,1.15
76036,Andalucía,2019,207.0,184.0,222.0,1.21
76036,Andalucía,2020,205.0,187.0,209.0,1.12
76036,Andalucía,2021,205.25,190.52,190.52,1.0
76036,Andalucía,2022,205.28,188.78,76.73,0.41
76036,Andalucía,2023,193.85,166.73,43.74,0.26
76036,Andalucía,2024,190.08,163.4,50.65,0.31
76036,Andalucía,2025,183.53,168.68,67.57,0.4
76041,Ansermanuevo,2019,3639.0,2825.0,3683.0,1.3
76041,Ansermanuevo,2020,3659.0,2927.0,3541.0,1.21
76041,Ansermanuevo,2021,3685.15,3021.51,2477.64,0.82
76041,Ansermanuevo,2022,3737.23,3098.5,3338.92,1.08
76041,Ansermanuevo,2023,3783.2,3144.28,2901.43,0.92
76041,Ansermanuevo,2024,3807.62,3071.24,3501.21,1.14
76041,Ansermanuevo,2025,3951.98,3001.93,3547.6,1.18
76054,Argelia,2019,1550.0,1219.0,1599.0,1.31
76054,Argelia,2020,1551.0,1249.0,1514.0,1.21
76054,Argelia,2021,1548.55,1313.16,1431.34,1.09
76054,Argelia,2022,1566.25,1382.94,1162.72,0.84
76054,Argelia,2023,1555.54,1371.25,1446.32,1.05
76054,Argelia,2024,1558.15,1335.07,1735.59,1.3
76054,Argelia,2025,1561.97,1321.28,1720.24,1.3
76100,Bolívar,2019,1347.0,1307.0,1307.0,1.0
76100,Bolívar,2020,1281.0,1077.0,1290.0,1.2
76100,Bolívar,2021,1288.7,1098.26,999.42,0.91
76100,Bolívar,2022,1297.56,1109.99,963.96,0.87
76100,Bolívar,2023,1255.7,1072.44,864.16,0.81
76100,Bolívar,2024,1269.18,1055.74,1055.74,1.0
76100,Bolívar,2025,1009.46,817.77,819.0,1.0
76113,Bugalagrande,2019,1370.0,1082.0,1443.0,1.33
76113,Bugalagrande,2020,1373.0,1080.0,1331.0,1.23
76113,Bugalagrande,2021,1402.93,1148.23,1251.57,1.09
76113,Bugalagrande,2022,1421.33,1220.72,1059.27,0.87
76113,Bugalagrande,2023,1432.33,1188.51,1226.85,1.03
76113,Bugalagrande,2024,1434.84,1128.83,1433.61,1.27
76113,Bugalagrande,2025,1457.71,1164.88,1481.62,1.27
76122,Caicedonia,2019,3612.0,2656.0,3550.0,1.34
76122,Caicedonia,2020,3566.0,2676.0,3303.0,1.23
76122,Caicedonia,2021,3580.92,2735.92,3419.9,1.25
76122,Caicedonia,2022,3609.19,2850.43,811.12,0.28
76122,Caicedonia,2023,3614.37,2822.5,698.13,0.25
76122,Caicedonia,2024,3583.03,2821.4,874.63,0.31
76122,Caicedonia,2025,3162.91,2465.88,765.57,0.31
76126,Calima,2019,355.0,298.0,390.0,1.31
76126,Calima,2020,334.0,286.0,345.0,1.21
76126,Calima,2021,330.46,280.36,381.29,1.36
76126,Calima,2022,334.42,290.74,337.28,1.16
76126,Calima,2023,333.08,300.3,432.83,1.44
76126,Calima,2024,339.23,293.28,522.04,1.78
76126,Calima,2025,327.27,261.05,465.37,1.78
76147,Cartago,2019,318.8,275.0,354.0,1.29
76147,Cartago,2020,303.0,252.0,300.0,1.19
76147,Cartago,2021,304.48,247.31,269.57,1.09
76147,Cartago,2022,304.97,256.76,242.37,0.94
76147,Cartago,2023,305.9,263.33,80.0,0.3
76147,Cartago,2024,305.76,266.05,396.41,1.49
76147,Cartago,2025,281.23,240.38,361.11,1.5
76233,Dagua,2019,925.0,807.0,1045.0,1.29
76233,Dagua,2020,894.0,790.0,946.0,1.2
76233,Dagua,2021,898.33,782.61,845.22,1.08
76233,Dagua,2022,889.68,784.63,678.28,0.86
76233,Dagua,2023,867.2,784.97,778.02,0.99
76233,Dagua,2024,870.31,783.43,963.62,1.23
76233,Dagua,2025,921.98,797.48,998.35,1.25
76246,El Cairo,2019,2812.0,2394.0,2968.56,1.24
76246,El Cairo,2020,2726.0,2331.0,2662.0,1.14
76246,El Cairo,2021,2742.17,2367.46,2959.32,1.25
76246,El Cairo,2022,2764.68,2426.38,1195.4,0.49
76246,El Cairo,2023,2727.25,2398.1,1184.66,0.49
76246,El Cairo,2024,2723.04,2307.23,1407.41,0.61
76246,El Cairo,2025,2730.58,2300.74,1451.65,0.63
76248,El Cerrito,2019,175.0,162.0,196.0,1.21
76248,El Cerrito,2020,168.0,157.0,175.5,1.12
76248,El Cerrito,2021,169.4,155.9,141.87,0.91
76248,El Cerrito,2022,165.25,151.48,116.39,0.77
76248,El Cerrito,2023,76.71,62.42,130.05,2.08
76248,El Cerrito,2024,78.37,66.8,140.28,2.1
76248,El Cerrito,2025,79.33,69.91,147.03,2.1
76250,El Dovio,2019,601.0,511.0,633.0,1.24
76250,El Dovio,2020,569.0,528.0,604.0,1.14
76250,El Dovio,2021,573.57,516.82,563.33,1.09
76250,El Dovio,2022,574.27,519.98,389.76,0.75
76250,El Dovio,2023,558.28,514.94,595.39,1.16
76250,El Dovio,2024,554.23,500.76,721.09,1.44
76250,El Dovio,2025,520.17,458.95,661.88,1.44
76243,El Águila,2019,4804.0,3722.0,4872.0,1.31
76243,El Águila,2020,4782.0,3828.0,4632.0,1.21
76243,El Águila,2021,4842.66,3980.66,3423.37,0.86
76243,El Águila,2022,4907.74,4071.75,3290.76,0.81
76243,El Águila,2023,4929.77,4047.68,3862.6,0.95
76243,El Águila,2024,4959.64,3914.83,4619.5,1.18
76243,El Águila,2025,4823.02,3764.51,4448.79,1.18
76275,Florida,2019,1324.0,1132.0,1419.0,1.25
76275,Florida,2020,1309.0,1147.0,1330.0,1.16
76275,Florida,2021,1326.64,1199.34,1091.4,0.91
76275,Florida,2022,1338.18,1219.5,856.9,0.7
76275,Florida,2023,1333.16,1234.03,1053.2,0.85
76275,Florida,2024,1336.11,1162.43,1220.55,1.05
76275,Florida,2025,1318.14,1128.35,1186.55,1.05
76306,Ginebra,2019,841.0,729.0,880.0,1.21
76306,Ginebra,2020,828.0,731.0,326.4,0.45
76306,Ginebra,2021,839.81,750.08,817.59,1.09
76306,Ginebra,2022,857.15,772.76,634.09,0.82
76306,Ginebra,2023,807.98,716.1,732.08,1.02
76306,Ginebra,2024,807.57,694.81,875.46,1.26
76306,Ginebra,2025,803.43,691.34,872.4,1.26
76318,Guacarí,2019,545.0,404.0,524.0,1.3
76318,Guacarí,2020,540.0,427.0,255.5,0.6
76318,Guacarí,2021,541.34,459.27,459.27,1.0
76318,Guacarí,2022,544.16,496.83,408.73,0.82
76318,Guacarí,2023,548.9,498.37,432.14,0.87
76318,Guacarí,2024,553.54,493.09,532.54,1.08
76318,Guacarí,2025,564.72,496.59,537.13,1.08
76111,Guadalajara de Buga,2019,453.0,373.0,469.0,1.26
76111,Guadalajara de Buga,2020,430.0,363.0,422.0,1.16
76111,Guadalajara de Buga,2021,435.55,388.63,528.54,1.36
76111,Guadalajara de Buga,2022,437.0,392.52,460.4,1.17
76111,Guadalajara de Buga,2023,441.64,411.97,535.01,1.3
76111,Guadalajara de Buga,2024,443.6,417.28,671.82,1.61
76111,Guadalajara de Buga,2025,446.74,415.79,624.63,1.5
76364,Jamundí,2019,1256.0,934.0,1224.0,1.31
76364,Jamundí,2020,1179.0,857.0,519.5,0.61
76364,Jamundí,2021,1194.17,908.79,745.21,0.82
76364,Jamundí,2022,1217.85,950.14,721.32,0.76
76364,Jamundí,2023,1233.85,964.34,1043.42,1.08
76364,Jamundí,2024,1218.2,918.25,1230.46,1.34
76364,Jamundí,2025,1191.58,917.81,1231.72,1.34
76377,La Cumbre,2019,597.0,507.0,646.0,1.27
76377,La Cumbre,2020,602.0,538.0,633.0,1.18
76377,La Cumbre,2021,597.74,499.34,679.1,1.36
76377,La Cumbre,2022,593.56,484.24,613.79,1.27
76377,La Cumbre,2023,593.09,519.97,674.78,1.3
76377,La Cumbre,2024,592.56,524.14,843.87,1.61
76377,La Cumbre,2025,585.3,501.95,809.35,1.61
76400,La Unión,2019,540.0,475.0,540.0,1.14
76400,La Unión,2020,423.0,380.0,429.0,1.13
76400,La Unión,2021,424.08,393.83,358.39,0.91
76400,La Unión,2022,431.89,396.81,372.46,0.94
76400,La Unión,2023,418.68,373.51,245.44,0.66
76400,La Unión,2024,416.98,366.73,300.72,0.82
76400,La Unión,2025,419.8,377.93,310.37,0.82
76403,La Victoria,2019,559.0,506.0,506.0,1.0
76403,La Victoria,2020,522.0,467.0,491.0,1.05
76403,La Victoria,2021,523.92,475.63,214.03,0.45
76403,La Victoria,2022,525.5,457.38,178.01,0.39
76403,La Victoria,2023,538.3,432.75,40.02,0.09
76403,La Victoria,2024,542.98,423.86,470.48,1.11
76403,La Victoria,2025,545.86,437.44,486.29,1.11
76497,Obando,2019,876.0,755.0,901.0,1.19
76497,Obando,2020,856.0,749.0,827.0,1.1
76497,Obando,2021,862.99,756.78,688.67,0.91
76497,Obando,2022,875.66,777.38,651.59,0.84
76497,Obando,2023,888.98,778.21,765.76,0.98
76497,Obando,2024,895.84,784.3,949.0,1.21
76497,Obando,2025,870.95,748.46,907.0,1.21
76520,Palmira,2019,291.0,238.0,297.0,1.25
76520,Palmira,2020,290.0,247.0,284.0,1.15
76520,Palmira,2021,299.93,261.0,284.49,1.09
76520,Palmira,2022,310.9,271.68,246.84,0.91
76520,Palmira,2023,174.36,144.49,282.49,1.96
76520,Palmira,2024,181.3,145.32,225.25,1.55
76520,Palmira,2025,189.16,142.13,220.63,1.55
76563,Pradera,2019,436.0,384.0,475.0,1.24
76563,Pradera,2020,435.0,435.0,522.0,1.2
76563,Pradera,2021,447.53,404.79,550.51,1.36
76563,Pradera,2022,454.04,415.35,405.49,0.98
76563,Pradera,2023,211.46,174.31,516.17,2.96
76563,Pradera,2024,222.37,167.61,269.85,1.61
76563,Pradera,2025,235.17,190.06,306.46,1.61
76606,Restrepo,2019,495.0,406.0,532.0,1.31
76606,Restrepo,2020,479.0,398.0,482.0,1.21
76606,Restrepo,2021,485.69,406.32,369.75,0.91
76606,Restrepo,2022,493.2,403.75,366.72,0.91
76606,Restrepo,2023,503.5,403.42,415.56,1.03
76606,Restrepo,2024,506.49,401.38,509.75,1.27
76606,Restrepo,2025,422.26,346.93,441.26,1.27
76616,Riofrío,2019,2572.0,1996.0,2627.0,1.32
76616,Riofrío,2020,2222.0,1922.0,2306.4,1.2
76616,Riofrío,2021,2160.5,1688.21,1789.5,1.06
76616,Riofrío,2022,2202.76,1800.26,1631.26,0.91
76616,Riofrío,2023,2210.18,1841.5,1283.25,0.7
76616,Riofrío,2024,2219.55,1810.79,1575.39,0.87
76616,Riofrío,2025,2230.4,1737.92,1740.53,1.0
76622,Roldanillo,2019,682.0,559.0,721.0,1.29
76622,Roldanillo,2020,670.0,547.0,652.0,1.19
76622,Roldanillo,2021,661.97,574.62,574.62,1.0
76622,Roldanillo,2022,663.82,569.29,499.81,0.88
76622,Roldanillo,2023,616.49,530.87,579.6,1.09
76622,Roldanillo,2024,620.43,510.43,689.08,1.35
76622,Roldanillo,2025,611.75,481.63,651.18,1.35
76670,San Pedro,2019,471.0,383.0,471.0,1.23
76670,San Pedro,2020,463.0,387.0,220.0,0.57
76670,San Pedro,2021,467.49,413.85,302.11,0.73
76670,San Pedro,2022,465.76,425.62,138.78,0.33
76670,San Pedro,2023,470.38,425.45,91.64,0.22
76670,San Pedro,2024,470.2,403.24,108.87,0.27
76670,San Pedro,2025,472.77,403.89,109.21,0.27
76001,Santiago de Cali,2019,646.0,576.0,726.0,1.26
76001,Santiago de Cali,2020,646.0,576.0,672.0,1.17
76001,Santiago de Cali,2021,657.13,586.79,533.98,0.91
76001,Santiago de Cali,2022,663.64,602.73,496.16,0.82
76001,Santiago de Cali,2023,645.11,596.64,576.41,0.97
76001,Santiago de Cali,2024,635.34,583.06,699.67,1.2
76001,Santiago de Cali,2025,630.18,567.83,682.42,1.2
76736,Sevilla,2019,5320.0,4037.0,5346.0,1.32
76736,Sevilla,2020,5243.0,5243.0,6291.6,1.2
76736,Sevilla,2021,5259.49,4034.49,4034.49,1.0
76736,Sevilla,2022,5259.98,4071.57,6353.8,1.56
76736,Sevilla,2023,5253.18,4031.14,5340.83,1.32
76736,Sevilla,2024,5203.28,4026.76,7972.98,1.98
76736,Sevilla,2025,4930.41,3784.45,6064.21,1.6
76823,Toro,2019,1044.0,841.0,1108.0,1.32
76823,Toro,2020,1049.0,1044.0,1252.8,1.2
76823,Toro,2021,1056.12,907.44,989.11,1.09
76823,Toro,2022,1076.74,919.99,869.18,0.94
76823,Toro,2023,1093.51,897.01,244.67,0.27
76823,Toro,2024,1100.0,887.08,292.74,0.33
76823,Toro,2025,1169.17,936.01,309.34,0.33
76828,Trujillo,2019,4044.0,3026.0,3974.0,1.31
76828,Trujillo,2020,4011.0,3142.0,3815.0,1.21
76828,Trujillo,2021,4034.27,3183.94,3183.94,1.0
76828,Trujillo,2022,3605.94,2775.2,2367.48,0.85
76828,Trujillo,2023,3647.15,2860.47,2615.69,0.91
76828,Trujillo,2024,3674.84,2843.89,3213.6,1.13
76828,Trujillo,2025,4022.93,3079.82,3485.43,1.13
76834,Tuluá,2019,3236.0,2634.0,3383.0,1.28
76834,Tuluá,2020,3201.0,2618.0,3109.0,1.19
76834,Tuluá,2021,3159.48,2638.52,2638.52,1.0
76834,Tuluá,2022,3202.29,2732.09,2624.09,0.96
76834,Tuluá,2023,3252.37,2778.57,2800.37,1.01
76834,Tuluá,2024,3277.99,2707.42,3384.28,1.25
76834,Tuluá,2025,3327.92,2672.57,3345.73,1.25
76845,Ulloa,2019,660.0,483.0,629.0,1.3
76845,Ulloa,2020,615.0,485.0,583.0,1.2
76845,Ulloa,2021,615.69,500.69,545.75,1.09
76845,Ulloa,2022,622.37,503.29,486.13,0.97
76845,Ulloa,2023,619.06,498.05,73.38,0.15
76845,Ulloa,2024,620.39,516.46,98.13,0.19
76845,Ulloa,2025,615.46,522.76,99.47,0.19
76863,Versalles,2019,1000.0,906.0,1115.0,1.23
76863,Versalles,2020,939.0,849.0,966.0,1.14
76863,Versalles,2021,938.0,855.89,855.89,1.0
76863,Versalles,2022,932.52,875.96,708.23,0.81
76863,Versalles,2023,909.96,832.14,815.48,0.98
76863,Versalles,2024,912.81,782.29,946.57,1.21
76863,Versalles,2025,941.51,786.0,952.49,1.21
76869,Vijes,2019,580.0,525.0,662.0,1.26
76869,Vijes,2020,571.0,519.0,605.0,1.17
76869,Vijes,2021,567.6,511.59,419.5,0.82
76869,Vijes,2022,569.99,500.87,312.65,0.62
76869,Vijes,2023,551.86,487.01,445.46,0.91
76869,Vijes,2024,531.79,466.85,527.54,1.13
76869,Vijes,2025,501.92,446.63,514.39,1.15
76890,Yotoco,2019,831.0,647.0,860.0,1.33
76890,Yotoco,2020,806.0,644.0,158.2,0.25
76890,Yotoco,2021,811.4,632.7,689.64,1.09
76890,Yotoco,2022,826.3,627.87,159.28,0.25
76890,Yotoco,2023,822.99,650.04,695.4,1.07
76890,Yotoco,2024,834.76,660.91,872.4,1.32
76890,Yotoco,2025,835.87,659.27,871.55,1.32
76892,Yumbo,2019,287.0,265.0,325.0,1.23
76892,Yumbo,2020,258.0,225.0,255.0,1.13
76892,Yumbo,2021,260.14,228.06,234.9,1.03
76892,Yumbo,2022,257.1,229.84,152.62,0.66
76892,Yumbo,2023,251.84,224.23,71.07,0.32
76892,Yumbo,2024,241.31,208.64,83.46,0.4
76892,Yumbo,2025,242.04,206.02,82.53,0.4
