id_venta,fecha,producto,categoria,precio_unitario,cantidad,ciudad,cliente_edad,metodo_pago
1,2025-01-15,Arroz,Alimentos,2.50,10,Cartago,34,Efectivo
2,2025-01-16,Leche,Lácteos,1.80,5,Cartago,28,Tarjeta
3,2025-01-16,Jabón,Aseo,3.20,2,Pereira,45,Tarjeta
4,2025-01-17,Café,Alimentos,5.00,8,Cartago,52,Efectivo
5,2025-01-18,Panadería,Alimentos,1.50,15,Manizales,22,Tarjeta
6,2025-01-18,Detergente,Aseo,4.50,3,Cartago,,Efectivo
7,2025-01-19,Yogur,Lácteos,2.00,6,Armenia,31,Tarjeta
8,2025-01-20,Atún,Alimentos,3.80,4,Pereira,40,Efectivo
9,2025-01-21,Cepillo,Aseo,2.10,2,Cartago,29,Tarjeta
10,2025-01-22,Queso,Lácteos,6.50,3,Manizales,55,Efectivo
11,2025-01-23,Arroz,Alimentos,2.50,12,Cartago,38,Tarjeta
12,2025-01-24,Leche,Lácteos,1.80,8,Armenia,,Efectivo

