precio_unitario,cantidad,cliente_edad,total_venta,cat_Alimentos,cat_Aseo,cat_Lácteos,pago_Efectivo,pago_Tarjeta
2.5,10,34.0,25.0,True,False,False,True,False
1.8,5,28.0,9.0,False,False,True,False,True
3.2,2,45.0,6.4,False,True,False,False,True
5.0,8,52.0,40.0,True,False,False,True,False
1.5,15,22.0,22.5,True,False,False,False,True
4.5,3,36.0,13.5,False,True,False,True,False
2.0,6,31.0,12.0,False,False,True,False,True
3.8,4,40.0,15.2,True,False,False,True,False
2.1,2,29.0,4.2,False,True,False,False,True
6.5,3,55.0,19.5,False,False,True,True,False
2.5,12,38.0,30.0,True,False,False,False,True
1.8,8,36.0,14.4,False,False,True,True,False
